id,source,name,full_name,description,language,stars_count,forks_count,watchers_count,issues_count,created_at,updated_at,owner_login,owner_type,owner_location,owner_country,topics,license,url,clone_url,collected_at
1000524955,github,OpenList,OpenListTeam/OpenList,A new AList Fork to Anti Trust Crisis,Go,10308,638,10308,63,2025-06-11,2025-07-01,OpenListTeam,Organization,,,"alist, aliyunpan, baidupan, openlist",AGPL-3.0,https://github.com/OpenListTeam/OpenList,https://github.com/OpenListTeam/OpenList.git,2025-07-01T11:54:07.708685
1003143578,github,agents-towards-production,NirDiamant/agents-towards-production," This repository delivers end-to-end, code-first tutorials covering every layer of production-grade GenAI agents, guiding you from spark to scale with proven patterns and reusable blueprints for real-world launches.",Jupyter Notebook,7420,885,7420,0,2025-06-16,2025-07-01,NirDiamant,User,,,"agent, agent-framework, agents, ai-agents, genai, generative-ai, llm, llms, mlops, multi-agent, production, tool-integration, tutorials",NOASSERTION,https://github.com/NirDiamant/agents-towards-production,https://github.com/NirDiamant/agents-towards-production.git,2025-07-01T11:54:08.182127
1006414368,github,OpenCut,OpenCut-app/OpenCut,The open-source CapCut alternative,TypeScript,6296,450,6296,28,2025-06-22,2025-07-01,OpenCut-app,Organization,,,"editor, oss, videoeditor",MIT,https://github.com/OpenCut-app/OpenCut,https://github.com/OpenCut-app/OpenCut.git,2025-07-01T11:54:08.742721
1001787804,github,openai-cs-agents-demo,openai/openai-cs-agents-demo,Demo of a customer service use case implemented with the OpenAI Agents SDK,TypeScript,5317,773,5317,29,2025-06-14,2025-07-01,openai,Organization,,,,MIT,https://github.com/openai/openai-cs-agents-demo,https://github.com/openai/openai-cs-agents-demo.git,2025-07-01T11:54:09.255901
999030842,github,nano-vllm,GeeeekExplorer/nano-vllm,Nano vLLM,Python,4696,538,4696,11,2025-06-09,2025-07-01,GeeeekExplorer,User,,,,MIT,https://github.com/GeeeekExplorer/nano-vllm,https://github.com/GeeeekExplorer/nano-vllm.git,2025-07-01T11:54:09.862847
1004995740,github,claudia,getAsterisk/claudia,"A powerful GUI app and Toolkit for Claude Code - Create custom agents, manage interactive Claude Code sessions, run secure background agents, and more.",TypeScript,4635,349,4635,62,2025-06-19,2025-07-01,getAsterisk,Organization,United States of America,,"anthropic, anthropic-claude, claude, claude-4, claude-4-opus, claude-4-sonnet, claude-ai, claude-code, claude-code-sdk, cursor, ide, llm, llm-code, rust, tauri",AGPL-3.0,https://github.com/getAsterisk/claudia,https://github.com/getAsterisk/claudia.git,2025-07-01T11:54:10.350836
1006496207,github,SuperClaude,NomenAK/SuperClaude,"A configuration framework that enhances Claude Code with specialized commands, cognitive personas, and development methodologies.",Shell,4334,309,4334,17,2025-06-22,2025-07-01,NomenAK,User,,,,MIT,https://github.com/NomenAK/SuperClaude,https://github.com/NomenAK/SuperClaude.git,2025-07-01T11:54:10.824407
1000235209,github,workout-cool,Snouzy/workout-cool,"üèã Modern open-source fitness coaching platform. Create workout plans, track progress, and access a comprehensive exercise database.",TypeScript,3811,215,3811,31,2025-06-11,2025-07-01,Snouzy,User,"All around the world, France based",FR,"coach, exercise, feature-sliced-design, fitness, gym, health, nextjs, open-source, postgresql, prisma, radix-ui, react, shadcn-ui, tailwindcss, training, typescript, webapp, workout",MIT,https://github.com/Snouzy/workout-cool,https://github.com/Snouzy/workout-cool.git,2025-07-01T11:54:11.269368
1000000000,github,shit,Red-Killer/shit,,,3681,257,3681,588,2025-06-11,2025-07-01,Red-Killer,User,,,,,https://github.com/Red-Killer/shit,https://github.com/Red-Killer/shit.git,2025-07-01T11:54:11.776525
998428732,github,zen-mcp-server,BeehiveInnovations/zen-mcp-server,The power of Claude Code + [Gemini / OpenAI / Grok / OpenRouter / Ollama / Custom Model / All Of The Above] working as one.,Python,3576,335,3576,26,2025-06-08,2025-07-01,BeehiveInnovations,Organization,,,,NOASSERTION,https://github.com/BeehiveInnovations/zen-mcp-server,https://github.com/BeehiveInnovations/zen-mcp-server.git,2025-07-01T11:54:12.259867
995214393,github,MonkeyOCR,Yuliang-Liu/MonkeyOCR,A lightweight LMM-based Document Parsing Model,Python,3315,224,3315,24,2025-06-03,2025-07-01,Yuliang-Liu,User,,,,Apache-2.0,https://github.com/Yuliang-Liu/MonkeyOCR,https://github.com/Yuliang-Liu/MonkeyOCR.git,2025-07-01T11:54:12.763425
995113401,github,unregistry,psviderski/unregistry,Push docker images directly to remote servers without an external registry,Go,3058,39,3058,11,2025-06-03,2025-07-01,psviderski,User,Australia,,"containerd, docker, golang, kubernetes, oci, registry",Apache-2.0,https://github.com/psviderski/unregistry,https://github.com/psviderski/unregistry.git,2025-07-01T11:54:13.216638
999859834,github,liquid-glass-react,rdev/liquid-glass-react,Apple's Liquid Glass effect for React,TypeScript,2742,180,2742,8,2025-06-10,2025-07-01,rdev,User,undefined,,,MIT,https://github.com/rdev/liquid-glass-react,https://github.com/rdev/liquid-glass-react.git,2025-07-01T11:54:13.669248
997256882,github,OmniGen2,VectorSpaceLab/OmniGen2,OmniGen2: Exploration to Advanced Multimodal Generation.,Jupyter Notebook,2649,198,2649,53,2025-06-06,2025-07-01,VectorSpaceLab,Organization,,,,Apache-2.0,https://github.com/VectorSpaceLab/OmniGen2,https://github.com/VectorSpaceLab/OmniGen2.git,2025-07-01T11:54:14.140695
1001889935,github,MiniMax-M1,MiniMax-AI/MiniMax-M1,"MiniMax-M1, the world's first open-weight, large-scale hybrid-attention reasoning model.",Python,2490,187,2490,16,2025-06-14,2025-07-01,MiniMax-AI,Organization,,,"large-language-models, llm, minimax-m1, reasoning-models",Apache-2.0,https://github.com/MiniMax-AI/MiniMax-M1,https://github.com/MiniMax-AI/MiniMax-M1.git,2025-07-01T11:54:14.650805
1004631442,github,Claude-Code-Usage-Monitor,Maciek-roboblog/Claude-Code-Usage-Monitor,Real-time Claude Code usage monitor with predictions and warnings,Python,2253,96,2253,23,2025-06-19,2025-07-01,Maciek-roboblog,User,,,"ai, analytics, claude, claude-code, claude-usage, limits, monitoring, terminal, usage-tracking",MIT,https://github.com/Maciek-roboblog/Claude-Code-Usage-Monitor,https://github.com/Maciek-roboblog/Claude-Code-Usage-Monitor.git,2025-07-01T11:54:15.145371
998699154,github,Self-Forcing,guandeh17/Self-Forcing,,Python,2166,138,2166,15,2025-06-09,2025-07-01,guandeh17,User,"Austin, TX",,,NOASSERTION,https://github.com/guandeh17/Self-Forcing,https://github.com/guandeh17/Self-Forcing.git,2025-07-01T11:54:15.702764
1000814478,github,agent-rules,steipete/agent-rules,Rules and Knowledge to work better with agents such as Claude Code or Cursor,Shell,1929,116,1929,4,2025-06-12,2025-07-01,steipete,User,Vienna & London,GB,"agent, claudecode, cursor, llms, rules",MIT,https://github.com/steipete/agent-rules,https://github.com/steipete/agent-rules.git,2025-07-01T11:54:16.143267
999686447,github,vscode-copilot-chat,microsoft/vscode-copilot-chat,Copilot Chat extension for VS Code,TypeScript,1859,195,1859,11,2025-06-10,2025-07-01,microsoft,Organization,"Redmond, WA",,,MIT,https://github.com/microsoft/vscode-copilot-chat,https://github.com/microsoft/vscode-copilot-chat.git,2025-07-01T11:54:16.783764
998715039,github,PartCrafter,wgsxm/PartCrafter,PartCrafter: Structured 3D Mesh Generation via Compositional Latent Diffusion Transformers,,1642,85,1642,2,2025-06-09,2025-07-01,wgsxm,User,Beijing,,"3d, 3d-generation, 3d-object-generation, 3d-object-reconstruction, 3d-reconstruction, 3d-scene-generation, 3d-scene-reconstruction, image-to-3d",MIT,https://github.com/wgsxm/PartCrafter,https://github.com/wgsxm/PartCrafter.git,2025-07-01T11:54:17.222802
1002344408,github,illa-helper,xiao-zaiyi/illa-helper,Êµ∏ÂÖ•ÂºèÂ≠¶ËØ≠Ë®ÄÂä©Êâã (Immersive Language Learning Assistant),TypeScript,1472,68,1472,21,2025-06-15,2025-07-01,xiao-zaiyi,User,Silicon Valley,,,MIT,https://github.com/xiao-zaiyi/illa-helper,https://github.com/xiao-zaiyi/illa-helper.git,2025-07-01T11:54:17.666817
1001565199,github,Hunyuan3D-2.1,Tencent-Hunyuan/Hunyuan3D-2.1,From Images to High-Fidelity 3D Assets with Production-Ready PBR Material,Python,1455,124,1455,45,2025-06-13,2025-07-01,Tencent-Hunyuan,Organization,,,"3d, 3d-aigc, 3d-generation, hunyuan3d, image-to-3d, shape, shape-generation, text-to-3d, texture-genertaion",NOASSERTION,https://github.com/Tencent-Hunyuan/Hunyuan3D-2.1,https://github.com/Tencent-Hunyuan/Hunyuan3D-2.1.git,2025-07-01T11:54:18.143347
998796026,github,mcp-chrome,hangwin/mcp-chrome,"Chrome MCP Server is a Chrome extension-based Model Context Protocol (MCP) server that exposes your Chrome browser functionality to AI assistants like Claude, enabling complex browser automation, content analysis, and semantic search.",TypeScript,1402,95,1402,28,2025-06-09,2025-07-01,hangwin,User,,,,MIT,https://github.com/hangwin/mcp-chrome,https://github.com/hangwin/mcp-chrome.git,2025-07-01T11:54:18.578208
997490512,github,gpt-load,tbphp/gpt-load,"‰∏Ä‰∏™È´òÊÄßËÉΩÁöÑOpenAIÊ†ºÂºèAPIÂ§öÂØÜÈí•ËΩÆËØ¢‰ª£ÁêÜÊúçÂä°Âô®ÔºåÊîØÊåÅË¥üËΩΩÂùáË°°Ôºå‰ΩøÁî® Go ËØ≠Ë®ÄÂºÄÂèë„ÄÇA high-performance OpenAI-compatible API proxy server with multi-key rotation and load balancing, built with Go.",Go,1265,36,1265,1,2025-06-06,2025-07-01,tbphp,User,China,,"gemini, gin, go, golang, openai",MIT,https://github.com/tbphp/gpt-load,https://github.com/tbphp/gpt-load.git,2025-07-01T11:54:19.071062
998138483,github,supermemory-mcp,supermemoryai/supermemory-mcp,Your memories are in ChatGPT... But nowhere else. Universal Memory MCP makes your memories available to every single LLM. No logins or paywall. One command to set it up.,TypeScript,1081,100,1081,8,2025-06-08,2025-07-01,supermemoryai,Organization,United States of America,,"cloudflare, mcp",MIT,https://github.com/supermemoryai/supermemory-mcp,https://github.com/supermemoryai/supermemory-mcp.git,2025-07-01T11:54:19.543200
997508788,github,lstr,bgreenwell/lstr,"A fast, minimalist directory tree viewer, written in Rust.",Rust,1020,19,1020,12,2025-06-06,2025-06-30,bgreenwell,User,"Cincinnati, Ohio",,"cli, command-line, command-line-tool, developer-tools, filesystem, git, ls, nerd-fonts, rust-lang, tree, tui",MIT,https://github.com/bgreenwell/lstr,https://github.com/bgreenwell/lstr.git,2025-07-01T11:54:20.033098
995029641,github,claude-code-flow,ruvnet/claude-code-flow,"This mode serves as a code-first swarm orchestration layer, enabling Claude Code to write, edit, test, and optimize code autonomously across recursive agent cycles.",TypeScript,965,173,965,52,2025-06-02,2025-07-01,ruvnet,User,0x,,,MIT,https://github.com/ruvnet/claude-code-flow,https://github.com/ruvnet/claude-code-flow.git,2025-07-01T11:54:20.465683
996623392,github,Qwen3-Embedding,QwenLM/Qwen3-Embedding,,Python,923,54,923,56,2025-06-05,2025-07-01,QwenLM,Organization,China,,,,https://github.com/QwenLM/Qwen3-Embedding,https://github.com/QwenLM/Qwen3-Embedding.git,2025-07-01T11:54:20.978892
997220241,github,RAG-Anything,HKUDS/RAG-Anything,"""RAG-Anything: All-in-One RAG System""",Python,887,75,887,16,2025-06-06,2025-07-01,HKUDS,Organization,Hong Kong,,"agent, large-language-model, rag",MIT,https://github.com/HKUDS/RAG-Anything,https://github.com/HKUDS/RAG-Anything.git,2025-07-01T11:54:21.464691
1002628555,github,yap,finnvoor/yap,üó£Ô∏è A CLI for on-device speech transcription using Speech.framework on macOS 26,Swift,884,29,884,9,2025-06-15,2025-07-01,finnvoor,User,Ireland,,,CC0-1.0,https://github.com/finnvoor/yap,https://github.com/finnvoor/yap.git,2025-07-01T11:54:21.958849
1003546779,github,Telegram-Scraper-Member-Adder-Forwarder-And-More,ScrapeEmAll/Telegram-Scraper-Member-Adder-Forwarder-And-More,"A powerful Python script that allows you to scrape messages and media from Telegram channels using the Telethon library. Features include real-time continuous scraping, media downloading, and data export capabilities.",Python,879,4,879,0,2025-06-17,2025-07-01,ScrapeEmAll,User,,,"bulk-messages, mass-dm, members-adding-script, members-script, scraper, scraper-tools, scrapy, spammer, telegram, telegram-adders, telegram-api, telegram-bomber, telegram-copy-group, telegram-copy-groups, telegram-forward, telegram-scraper-2025, telegram-scraper-member-adder, telegram-search-bot, telegram-username-scraper, telegramscraper",,https://github.com/ScrapeEmAll/Telegram-Scraper-Member-Adder-Forwarder-And-More,https://github.com/ScrapeEmAll/Telegram-Scraper-Member-Adder-Forwarder-And-More.git,2025-07-01T11:54:22.418227
1007655309,github,Telegram-Member-Adder-Cloner-Scraper-And-Over-43-Functions,TgSurfer/Telegram-Member-Adder-Cloner-Scraper-And-Over-43-Functions,Telegram Members Adding Software/Script for free. Scrape more than 10k Telegram members and add members to your group.,Python,845,5,845,0,2025-06-24,2025-07-01,TgSurfer,User,,,"adder, adder-telegram, members-adding-scri, tele-members, telegram-bot, telegram-bot-tools, telegram-channel, telegram-channel-scraper, telegram-channel-scrapper, telegram-clone, telegram-forwarder, telegram-group-member-adding, telegram-hack, telegram-member-adder2024, telegram-member-scraper-tool, telegram-message-forwarder, telegram-message-sender, telegram-report-ban-tool, telegram-tool, telegram-tool-free",,https://github.com/TgSurfer/Telegram-Member-Adder-Cloner-Scraper-And-Over-43-Functions,https://github.com/TgSurfer/Telegram-Member-Adder-Cloner-Scraper-And-Over-43-Functions.git,2025-07-01T11:54:22.905696
999616035,github,multigres,multigres/multigres,Vitess for Postgres,,835,7,835,0,2025-06-10,2025-07-01,multigres,Organization,,,,Apache-2.0,https://github.com/multigres/multigres,https://github.com/multigres/multigres.git,2025-07-01T11:54:23.423824
1009900539,github,claude-code-requirements-builder,rizethereum/claude-code-requirements-builder,,,801,85,801,2,2025-06-27,2025-07-01,rizethereum,User,,,,MIT,https://github.com/rizethereum/claude-code-requirements-builder,https://github.com/rizethereum/claude-code-requirements-builder.git,2025-07-01T11:54:23.904274
998618640,github,Windows-Maintenance-Tool,ios12checker/Windows-Maintenance-Tool,,Batchfile,777,52,777,3,2025-06-09,2025-07-01,ios12checker,User,Denmark,,,MIT,https://github.com/ios12checker/Windows-Maintenance-Tool,https://github.com/ios12checker/Windows-Maintenance-Tool.git,2025-07-01T11:54:24.415021
1002552148,github,vibetunnel,amantus-ai/vibetunnel,Turn any browser into your terminal & command your agents on the go.,TypeScript,771,54,771,29,2025-06-15,2025-07-01,amantus-ai,Organization,Austria,,"remote, terminal, vibecoding",MIT,https://github.com/amantus-ai/vibetunnel,https://github.com/amantus-ai/vibetunnel.git,2025-07-01T11:54:24.913865
1003832251,github,MoonTV,senshinya/MoonTV,,TypeScript,768,721,768,6,2025-06-17,2025-07-01,senshinya,User,"Hangzhou, Zhejiang",,,MIT,https://github.com/senshinya/MoonTV,https://github.com/senshinya/MoonTV.git,2025-07-01T11:54:25.377606
996042662,github,use-mcp,modelcontextprotocol/use-mcp,,TypeScript,765,34,765,9,2025-06-04,2025-07-01,modelcontextprotocol,Organization,,,,MIT,https://github.com/modelcontextprotocol/use-mcp,https://github.com/modelcontextprotocol/use-mcp.git,2025-07-01T11:54:25.900024
1005100139,github,any-distance-ios,Any-Distance/any-distance-ios,,Swift,753,91,753,0,2025-06-19,2025-07-01,Any-Distance,Organization,United States of America,,,NOASSERTION,https://github.com/Any-Distance/any-distance-ios,https://github.com/Any-Distance/any-distance-ios.git,2025-07-01T11:54:26.366314
998181962,github,dowhen,gaogaotiantian/dowhen,An intuitive and low-overhead instrumentation tool for Python,Python,736,23,736,9,2025-06-08,2025-07-01,gaogaotiantian,User,Santa Clara,,,Apache-2.0,https://github.com/gaogaotiantian/dowhen,https://github.com/gaogaotiantian/dowhen.git,2025-07-01T11:54:26.792963
996540721,github,afilmory,Afilmory/afilmory,"A personal photography website celebrating the art of capturing moments with a nostalgic, retro vibe. Blending aperture, film, and memory.",TypeScript,733,71,733,3,2025-06-05,2025-07-01,Afilmory,Organization,,,,,https://github.com/Afilmory/afilmory,https://github.com/Afilmory/afilmory.git,2025-07-01T11:54:27.343871
1002670757,github,textlint-rule-preset-ai-writing,textlint-ja/textlint-rule-preset-ai-writing,textlint„Éó„É™„Çª„ÉÉ„ÉàÔºöAI„Å£„ÅΩ„ÅÑË®òËø∞„Éë„Çø„Éº„É≥„ÇíÊ§úÂá∫„Åó„ÄÅ„Çà„ÇäËá™ÁÑ∂„Å™Êó•Êú¨Ë™ûË°®Áèæ„Çí‰øÉ„Åô„É´„Éº„É´ÈõÜ,TypeScript,697,12,697,0,2025-06-16,2025-07-01,textlint-ja,Organization,japan,,,MIT,https://github.com/textlint-ja/textlint-rule-preset-ai-writing,https://github.com/textlint-ja/textlint-rule-preset-ai-writing.git,2025-07-01T11:54:27.882383
1001193950,github,SEAL,Continual-Intelligence/SEAL,Self-Adapting Language Models,Python,636,108,636,0,2025-06-13,2025-07-01,Continual-Intelligence,Organization,,,,MIT,https://github.com/Continual-Intelligence/SEAL,https://github.com/Continual-Intelligence/SEAL.git,2025-07-01T11:54:28.357276
1003051611,github,Kimi-Dev,MoonshotAI/Kimi-Dev,open-source coding LLM for software engineering tasks,Python,636,79,636,3,2025-06-16,2025-07-01,MoonshotAI,Organization,,,,NOASSERTION,https://github.com/MoonshotAI/Kimi-Dev,https://github.com/MoonshotAI/Kimi-Dev.git,2025-07-01T11:54:28.822096
997353956,github,OpenWBT,GalaxyGeneralRobotics/OpenWBT,Official implementation of OpenWBT.,Python,633,73,633,1,2025-06-06,2025-07-01,GalaxyGeneralRobotics,Organization,,,,Apache-2.0,https://github.com/GalaxyGeneralRobotics/OpenWBT,https://github.com/GalaxyGeneralRobotics/OpenWBT.git,2025-07-01T11:54:29.290242
997235226,github,flux-kontext-template,CharlieLZ/flux-kontext-template,ÁîüË¥¢ÊúâÊúØÁâπ‰æõÔºåflux-kontextÂºÄÊ∫ê‰ªìÂ∫ìÔºåÂ•óÂ£≥Ê®°Êùø,TypeScript,629,227,629,0,2025-06-06,2025-07-01,CharlieLZ,User,,,,,https://github.com/CharlieLZ/flux-kontext-template,https://github.com/CharlieLZ/flux-kontext-template.git,2025-07-01T11:54:29.740020
997623011,github,openai-testing-agent-demo,openai/openai-testing-agent-demo,Demo of a UI testing agent using the OpenAI CUA model and the Responses API.,TypeScript,623,76,623,5,2025-06-06,2025-07-01,openai,Organization,,,,NOASSERTION,https://github.com/openai/openai-testing-agent-demo,https://github.com/openai/openai-testing-agent-demo.git,2025-07-01T11:54:30.175801
1000026842,github,10x-Tool-Calls,perrypixel/10x-Tool-Calls,"10x-Tool-Calls is a lightweight rules file designed to help you maximize the value of your monthly AI coding tool calls, enabling you to get more done with fewer requests.",Python,621,118,621,8,2025-06-11,2025-07-01,perrypixel,User,,,"ai, coding-agent, cursor, windsurf",,https://github.com/perrypixel/10x-Tool-Calls,https://github.com/perrypixel/10x-Tool-Calls.git,2025-07-01T11:54:30.618837
997442488,github,fire-enrich,mendableai/fire-enrich,"üî• AI-powered data enrichment tool that transforms emails into rich datasets with company profiles, funding data, tech stacks, and more using Firecrawl and multi-agent AI",TypeScript,606,144,606,4,2025-06-06,2025-07-01,mendableai,Organization,United States of America,,,MIT,https://github.com/mendableai/fire-enrich,https://github.com/mendableai/fire-enrich.git,2025-07-01T11:54:31.049575
995812709,github,OCRFlux,chatdoc-com/OCRFlux,"OCRFlux is a lightweight yet powerful multimodal toolkit that significantly advances PDF-to-Markdown conversion, excelling in complex layout handling, complicated table parsing and cross-page content merging.",Python,604,14,604,3,2025-06-04,2025-07-01,chatdoc-com,Organization,,,,Apache-2.0,https://github.com/chatdoc-com/OCRFlux,https://github.com/chatdoc-com/OCRFlux.git,2025-07-01T11:54:31.502858
1000486904,github,claude-code-sdk-python,anthropics/claude-code-sdk-python,,Python,596,83,596,21,2025-06-11,2025-07-01,anthropics,Organization,United States of America,,,MIT,https://github.com/anthropics/claude-code-sdk-python,https://github.com/anthropics/claude-code-sdk-python.git,2025-07-01T11:54:31.985992
1000126125,github,liquid-glass,shuding/liquid-glass,,JavaScript,592,25,592,4,2025-06-11,2025-06-30,shuding,User,Berlin,DE,,MIT,https://github.com/shuding/liquid-glass,https://github.com/shuding/liquid-glass.git,2025-07-01T11:54:32.422624
996722787,github,vui,fluxions-ai/vui,,Python,592,56,592,5,2025-06-05,2025-06-30,fluxions-ai,Organization,United Kingdom,GB,,MIT,https://github.com/fluxions-ai/vui,https://github.com/fluxions-ai/vui.git,2025-07-01T11:54:32.942991
1008688456,github,dxt,anthropics/dxt,Desktop Extensions: One-click local MCP server installation in desktop apps,TypeScript,587,34,587,27,2025-06-26,2025-07-01,anthropics,Organization,United States of America,,,MIT,https://github.com/anthropics/dxt,https://github.com/anthropics/dxt.git,2025-07-01T11:54:33.422320
999199611,github,liquid-glass-effect-macos,lucasromerodb/liquid-glass-effect-macos,Demo here,HTML,580,44,580,4,2025-06-09,2025-07-01,lucasromerodb,User,"Buenos Aires, Argentina",,,,https://github.com/lucasromerodb/liquid-glass-effect-macos,https://github.com/lucasromerodb/liquid-glass-effect-macos.git,2025-07-01T11:54:33.859902
998555174,github,laravel-zap,ludoguenet/laravel-zap,Lightning-fast schedule management for Laravel,PHP,578,26,578,2,2025-06-08,2025-07-01,ludoguenet,User,Normandy,,,MIT,https://github.com/ludoguenet/laravel-zap,https://github.com/ludoguenet/laravel-zap.git,2025-07-01T11:54:34.358567
998658053,github,mcp,MicrosoftDocs/mcp,,,574,66,574,10,2025-06-09,2025-07-01,MicrosoftDocs,Organization,"Redmond, WA",,,CC-BY-4.0,https://github.com/MicrosoftDocs/mcp,https://github.com/MicrosoftDocs/mcp.git,2025-07-01T11:54:35.079598
1005564798,github,Twocast,panyanyany/Twocast,"AI Podcast Generator for bilingual episodes, Multi Languages, Alternative to NotebookLLMÔºõÁúü‰∫∫ÂØπËØùAIÊí≠ÂÆ¢ÁîüÊàêÂô®ÔºåÂ§öËØ≠Ë®ÄÔºåÂ§öÈü≥Ëâ≤",TypeScript,565,53,565,0,2025-06-20,2025-07-01,panyanyany,User,,,"podcast, podcast-generator, voice-cloning, voice-synthesis",,https://github.com/panyanyany/Twocast,https://github.com/panyanyany/Twocast.git,2025-07-01T11:54:35.498775
1001012484,github,magenta-realtime,magenta/magenta-realtime,,Python,560,59,560,10,2025-06-12,2025-07-01,magenta,Organization,,,,Apache-2.0,https://github.com/magenta/magenta-realtime,https://github.com/magenta/magenta-realtime.git,2025-07-01T11:54:35.953419
1006074587,github,horizon-overlay-open-source-cluely,Tej-Sharma/horizon-overlay-open-source-cluely,AI overlays on top of what you are doing,Swift,558,128,558,2,2025-06-21,2025-07-01,Tej-Sharma,User,International,,,NOASSERTION,https://github.com/Tej-Sharma/horizon-overlay-open-source-cluely,https://github.com/Tej-Sharma/horizon-overlay-open-source-cluely.git,2025-07-01T11:54:36.416699
1005246104,github,fireplexity,mendableai/fireplexity,"üî• Blazing-fast AI search engine with real-time citations, streaming responses, and live data powered by Firecrawl ",TypeScript,529,94,529,5,2025-06-19,2025-07-01,mendableai,Organization,United States of America,,,,https://github.com/mendableai/fireplexity,https://github.com/mendableai/fireplexity.git,2025-07-01T11:54:36.898580
1003614809,github,kite,zxh326/kite,"ü™Å A modern, lightweight Kubernetes dashboard",TypeScript,527,41,527,16,2025-06-17,2025-07-01,zxh326,User,Hangzhou,,"dashboard, kubernetes, kubernetes-addons",Apache-2.0,https://github.com/zxh326/kite,https://github.com/zxh326/kite.git,2025-07-01T11:54:37.406453
1002541031,github,apple-on-device-openai,gety-ai/apple-on-device-openai,OpenAI-compatible API server for Apple on-device models,Swift,525,30,525,1,2025-06-15,2025-07-01,gety-ai,Organization,,,,,https://github.com/gety-ai/apple-on-device-openai,https://github.com/gety-ai/apple-on-device-openai.git,2025-07-01T11:54:37.876081
996573768,github,tiktok-warmup-bot,l-portet/tiktok-warmup-bot,"‚ô®Ô∏è  Warming up TikTok accounts, one swipe at a time",JavaScript,520,102,520,0,2025-06-05,2025-07-01,l-portet,User,,,,NOASSERTION,https://github.com/l-portet/tiktok-warmup-bot,https://github.com/l-portet/tiktok-warmup-bot.git,2025-07-01T11:54:38.305489
1004140701,github,slime,THUDM/slime,slime is a LLM post-training framework aiming at scaling RL.,Python,509,27,509,3,2025-06-18,2025-07-01,THUDM,Organization,"FIT Building, Tsinghua University",,,Apache-2.0,https://github.com/THUDM/slime,https://github.com/THUDM/slime.git,2025-07-01T11:54:38.745115
1006961836,github,DeepWism-R2,DeepWism/DeepWism-R2,"DeepWism R2 is a next-generation AGI system built on the T3CEDS framework (Thin-Thick-Thin Crowd Entropy Dynamics System), which redefines intelligence as a process of entropy reduction rather than attention modeling.",,504,79,504,0,2025-06-23,2025-07-01,DeepWism,Organization,,,,,https://github.com/DeepWism/DeepWism-R2,https://github.com/DeepWism/DeepWism-R2.git,2025-07-01T11:54:39.215507
1000782522,github,codedongle,AnnaGracu/codedongle,Automatically exported from code.google.com/p/asterisk-chan-dongle,JavaScript,501,418,501,0,2025-06-12,2025-06-28,AnnaGracu,User,@epam,,,MIT,https://github.com/AnnaGracu/codedongle,https://github.com/AnnaGracu/codedongle.git,2025-07-01T11:54:39.691747
1003047863,github,claude-sessions,iannuttall/claude-sessions,Custom slash commands for Claude Code that provide comprehensive development session tracking and documentation,,496,69,496,5,2025-06-16,2025-07-01,iannuttall,User,,,,MIT,https://github.com/iannuttall/claude-sessions,https://github.com/iannuttall/claude-sessions.git,2025-07-01T11:54:40.152788
1005359642,github,superdesign,superdesigndev/superdesign,Cursor for design - Open Source,TypeScript,482,41,482,8,2025-06-20,2025-07-01,superdesigndev,Organization,,,,NOASSERTION,https://github.com/superdesigndev/superdesign,https://github.com/superdesigndev/superdesign.git,2025-07-01T11:54:40.571620
1003043071,github,code-graph-rag,vitali87/code-graph-rag,Better than Claude Code or Gemini CLI especially for Monorepos,Python,478,49,478,4,2025-06-16,2025-07-01,vitali87,User,London,GB,,MIT,https://github.com/vitali87/code-graph-rag,https://github.com/vitali87/code-graph-rag.git,2025-07-01T11:54:41.041756
1007051902,github,MultiAgentPPT,johnson7788/MultiAgentPPT,MultiAgentPPT ÊòØ‰∏Ä‰∏™ÈõÜÊàê‰∫Ü A2AÔºàAsk-to-AnswerÔºâ+ MCPÔºàMulti-agent Control ProtocolÔºâ+ ADKÔºàAgent Development KitÔºâ Êû∂ÊûÑÁöÑÊô∫ËÉΩÂåñÊºîÁ§∫ÊñáÁ®øÁîüÊàêÁ≥ªÁªüÔºåÊîØÊåÅÈÄöËøáÂ§öÊô∫ËÉΩ‰ΩìÂçè‰ΩúÂíåÊµÅÂºèÂπ∂ÂèëÊú∫Âà∂,Python,478,55,478,5,2025-06-23,2025-07-01,johnson7788,User,,,,MIT,https://github.com/johnson7788/MultiAgentPPT,https://github.com/johnson7788/MultiAgentPPT.git,2025-07-01T11:54:41.499957
994681424,github,xhs-toolkit,aki66938/xhs-toolkit,üìï Â∞èÁ∫¢‰π¶Âàõ‰ΩúËÄÖMCPÂ∑•ÂÖ∑ÂåÖ - ÊîØÊåÅ‰∏éAIÂÆ¢Êà∑Á´ØÈõÜÊàêÁöÑÂÜÖÂÆπÂàõ‰ΩúÂíåÂèëÂ∏ÉÂ∑•ÂÖ∑,Python,469,55,469,1,2025-06-02,2025-07-01,aki66938,User,Hangzhou Zhejiang,,,MIT,https://github.com/aki66938/xhs-toolkit,https://github.com/aki66938/xhs-toolkit.git,2025-07-01T11:54:41.937204
1009335691,github,Hunyuan-A13B,Tencent-Hunyuan/Hunyuan-A13B,"Tencent Hunyuan A13B (short as Hunyuan-A13B), an innovative and open-source LLM built on a fine-grained MoE architecture.",Python,468,47,468,8,2025-06-27,2025-07-01,Tencent-Hunyuan,Organization,,,,NOASSERTION,https://github.com/Tencent-Hunyuan/Hunyuan-A13B,https://github.com/Tencent-Hunyuan/Hunyuan-A13B.git,2025-07-01T11:54:42.446783
1001531356,github,pickaxe,hatchet-dev/pickaxe,Build agents that scale with a zero-cost abstraction.,TypeScript,464,21,464,1,2025-06-13,2025-07-01,hatchet-dev,Organization,,,"agentic-ai, ai, bun, llm, no-frameworks, nodejs, orchestration, scalability, typescript",MIT,https://github.com/hatchet-dev/pickaxe,https://github.com/hatchet-dev/pickaxe.git,2025-07-01T11:54:42.876414
1001337815,github,SongGeneration,tencent-ailab/SongGeneration,,Python,463,39,463,3,2025-06-13,2025-07-01,tencent-ailab,User,,,,NOASSERTION,https://github.com/tencent-ailab/SongGeneration,https://github.com/tencent-ailab/SongGeneration.git,2025-07-01T11:54:43.292307
1002791406,github,kb,JimmyLefevre/kb,kb single-header C/C++ libraries,C,459,4,459,0,2025-06-16,2025-07-01,JimmyLefevre,User,,,,Zlib,https://github.com/JimmyLefevre/kb,https://github.com/JimmyLefevre/kb.git,2025-07-01T11:54:43.814045
996795316,github,py-pglite,wey-gu/py-pglite,PGlite wrapper in Python for testing. Test your app with Postgres just as lite as SQLite.,Python,455,8,455,5,2025-06-05,2025-07-01,wey-gu,User,Shanghai,,"pglite, postgres, pytest, python, sqlalchemy, sqlmodel",Apache-2.0,https://github.com/wey-gu/py-pglite,https://github.com/wey-gu/py-pglite.git,2025-07-01T11:54:44.227897
1001088314,github,dataset-generator,metabase/dataset-generator,"AI Dataset Generator ‚Äì Create realistic datasets for demos, learning, and dashboards",TypeScript,452,15,452,1,2025-06-12,2025-07-01,metabase,Organization,,,,MIT,https://github.com/metabase/dataset-generator,https://github.com/metabase/dataset-generator.git,2025-07-01T11:54:44.676619
995077733,github,wenyan-mcp,caol64/wenyan-mcp,ÊñáÈ¢ú MCP Server ÂèØ‰ª•ËÆ© AI Ëá™Âä®Â∞Ü Markdown ÊñáÁ´†ÊéíÁâàÂêéÂèëÂ∏ÉËá≥ÂæÆ‰ø°ÂÖ¨‰ºóÂè∑„ÄÇ,CSS,438,49,438,7,2025-06-02,2025-06-30,caol64,User,,,"mcp-server, wenyan",Apache-2.0,https://github.com/caol64/wenyan-mcp,https://github.com/caol64/wenyan-mcp.git,2025-07-01T11:54:45.139044
1000288403,github,herlang,justjavac/herlang,Her Programming Language written in Rust.,Rust,430,13,430,24,2025-06-11,2025-06-30,justjavac,User,"Tianjin, China",,"build-your-own-x, herlang, language",MIT,https://github.com/justjavac/herlang,https://github.com/justjavac/herlang.git,2025-07-01T11:54:45.572935
1008837384,github,ccseva,Iamshankhadeep/ccseva,,TypeScript,428,20,428,4,2025-06-26,2025-07-01,Iamshankhadeep,User,Birpara,,,MIT,https://github.com/Iamshankhadeep/ccseva,https://github.com/Iamshankhadeep/ccseva.git,2025-07-01T11:54:46.098748
995983332,github,auto-prompt,AIDotNet/auto-prompt,"AI Prompt Optimization Platform is a professional prompt engineering tool designed to help users optimize AI model prompts, enhancing the effectiveness and accuracy of AI interactions. The platform integrates intelligent optimization algorithms, deep reasoning analysis, visualization debugging tools...",TypeScript,421,63,421,3,2025-06-04,2025-07-01,AIDotNet,Organization,China,,"ai, prompt",NOASSERTION,https://github.com/AIDotNet/auto-prompt,https://github.com/AIDotNet/auto-prompt.git,2025-07-01T11:54:46.569572
1003079687,github,similarity,mizchi/similarity,,Rust,413,6,413,7,2025-06-16,2025-07-01,mizchi,User,Tokyo/Japan,,,MIT,https://github.com/mizchi/similarity,https://github.com/mizchi/similarity.git,2025-07-01T11:54:47.047163
1001216307,github,SoundMind,xid32/SoundMind,"We introduce the Audio Logical Reasoning (ALR) dataset, consisting of 6,446 text-audio annotated samples specifically designed for complex reasoning tasks. Building on this resource, we propose SoundMind, a rule-based reinforcement learning (RL) algorithm tailored to endow audio language models (ALM...",Python,413,65,413,10,2025-06-13,2025-07-01,xid32,User,,,"audio-language-model, audio-reasoning, dataset, reinforcement-learning",MIT,https://github.com/xid32/SoundMind,https://github.com/xid32/SoundMind.git,2025-07-01T11:54:47.612838
1010618519,github,reviewit,yoshiko-pg/reviewit,A lightweight command-line tool that spins up a local web server to display Git commit diffs in a GitHub-like Files changed view,TypeScript,411,11,411,6,2025-06-29,2025-07-01,yoshiko-pg,User,Tokyo,,,MIT,https://github.com/yoshiko-pg/reviewit,https://github.com/yoshiko-pg/reviewit.git,2025-07-01T11:54:48.143819
1001657737,github,firestarter,mendableai/firestarter," üî• Instantly create AI chatbots for any website with RAG-powered search, streaming responses, and OpenAI-compatible API endpoints",TypeScript,408,79,408,1,2025-06-13,2025-07-01,mendableai,Organization,United States of America,,,,https://github.com/mendableai/firestarter,https://github.com/mendableai/firestarter.git,2025-07-01T11:54:48.611009
1001457531,github,CVE-2025-33073,mverschu/CVE-2025-33073,PoC Exploit for the NTLM reflection SMB flaw.,Python,399,81,399,1,2025-06-13,2025-07-01,mverschu,User,Netherlands,NL,,,https://github.com/mverschu/CVE-2025-33073,https://github.com/mverschu/CVE-2025-33073.git,2025-07-01T11:54:49.056740
994983023,github,peekaping,0xfurai/peekaping,"üöÄ Modern self-hosted uptime monitoring solution - Monitor websites, APIs, and services with real-time notifications, beautiful status pages, and comprehensive analytics. Built with Go, React. ",Go,394,10,394,17,2025-06-02,2025-07-01,0xfurai,User,Planet Earth,,"monitor, monitoring, self-hosted, selfhosted, telemetry, uptime, uptime-monitoring",MIT,https://github.com/0xfurai/peekaping,https://github.com/0xfurai/peekaping.git,2025-07-01T11:54:49.498031
998990959,github,Claude-Code-Communication,nishimoto265/Claude-Code-Communication,,Shell,388,170,388,0,2025-06-09,2025-07-01,nishimoto265,User,,,,MIT,https://github.com/nishimoto265/Claude-Code-Communication,https://github.com/nishimoto265/Claude-Code-Communication.git,2025-07-01T11:54:49.924193
997085842,github,crystal,stravu/crystal,An IVE: Integrated Vibe Environment,TypeScript,384,15,384,9,2025-06-05,2025-07-01,stravu,Organization,,,"ai, ai-coding, development-environment, vibe-coding",MIT,https://github.com/stravu/crystal,https://github.com/stravu/crystal.git,2025-07-01T11:54:50.339668
1000233031,github,mybibliotheca,pickles4evaaaa/mybibliotheca,"Track your reading habits, log books, and visualize your library‚Äîall in your own space.",HTML,383,17,383,25,2025-06-11,2025-07-01,pickles4evaaaa,User,,,,MIT,https://github.com/pickles4evaaaa/mybibliotheca,https://github.com/pickles4evaaaa/mybibliotheca.git,2025-07-01T11:54:50.744073
1003203718,github,Spline-Path-Control,WhatDreamsCost/Spline-Path-Control,"Create shapes that follow a spline path. Import background image, edit splines, and export for use in VACE.",JavaScript,383,43,383,10,2025-06-16,2025-07-01,WhatDreamsCost,User,,,,,https://github.com/WhatDreamsCost/Spline-Path-Control,https://github.com/WhatDreamsCost/Spline-Path-Control.git,2025-07-01T11:54:51.159480
1002055021,github,generative_ai_project,HeyNina101/generative_ai_project,A production-ready template to kickstart your Generative AI projects with structure and scalability in mind.,,381,105,381,0,2025-06-14,2025-07-01,HeyNina101,User,Spain,,"ai-projects, ai-template, generative-ai, llm, prompt-engineering, template",,https://github.com/HeyNina101/generative_ai_project,https://github.com/HeyNina101/generative_ai_project.git,2025-07-01T11:54:51.594956
1004513211,github,snap-ql,NickTikhonov/snap-ql,AI-powered Postgres Client,TypeScript,380,21,380,13,2025-06-18,2025-07-01,NickTikhonov,User,"London, United Kingdom",GB,,MIT,https://github.com/NickTikhonov/snap-ql,https://github.com/NickTikhonov/snap-ql.git,2025-07-01T11:54:52.092690
1008849671,github,zenta,e6a5/zenta,zenta - mindfulness for terminal users üßò‚Äç‚ôÇÔ∏è,Go,379,5,379,1,2025-06-26,2025-07-01,e6a5,User,Vietnam,,,MIT,https://github.com/e6a5/zenta,https://github.com/e6a5/zenta.git,2025-07-01T11:54:52.549356
1003205027,github,delayed-streams-modeling,kyutai-labs/delayed-streams-modeling,"Delayed Streams Modeling (DSM) is a flexible formulation for streaming, multimodal sequence-to-sequence learning.",Python,369,28,369,7,2025-06-16,2025-07-01,kyutai-labs,Organization,France,FR,,Apache-2.0,https://github.com/kyutai-labs/delayed-streams-modeling,https://github.com/kyutai-labs/delayed-streams-modeling.git,2025-07-01T11:54:53.075077
998337555,github,twitterxdownload,ezshine/twitterxdownload,a powerful twitter video downloader and twitter marketing tool.,JavaScript,366,125,366,3,2025-06-08,2025-07-01,ezshine,User,"Beijing,China",,,AGPL-3.0,https://github.com/ezshine/twitterxdownload,https://github.com/ezshine/twitterxdownload.git,2025-07-01T11:54:53.583315
999128119,github,Foundation-Models-Framework-Example,rudrankriyam/Foundation-Models-Framework-Example,Example apps for Foundation Models Framework in iOS 26 and macOS 26,Swift,363,16,363,2,2025-06-09,2025-07-01,rudrankriyam,User,Remote,,,MIT,https://github.com/rudrankriyam/Foundation-Models-Framework-Example,https://github.com/rudrankriyam/Foundation-Models-Framework-Example.git,2025-07-01T11:54:54.114428
996851962,github,tokasaurus,ScalingIntelligence/tokasaurus,,Python,357,20,357,2,2025-06-05,2025-07-01,ScalingIntelligence,Organization,United States of America,,,Apache-2.0,https://github.com/ScalingIntelligence/tokasaurus,https://github.com/ScalingIntelligence/tokasaurus.git,2025-07-01T11:54:54.572439
1004491404,github,gemini-robotics-sdk,google-deepmind/gemini-robotics-sdk,,Python,354,12,354,1,2025-06-18,2025-07-01,google-deepmind,Organization,,,"gemini, robotics",Apache-2.0,https://github.com/google-deepmind/gemini-robotics-sdk,https://github.com/google-deepmind/gemini-robotics-sdk.git,2025-07-01T11:54:55.000497
